<?xml version = '1.0' encoding = 'UTF-8'?>
<Relation class="oracle.dbtools.crest.model.design.logical.Relation" name="Relation_2" directorySegmentName="seg_0" id="0C637984-CF65-89C4-FE45-F1D834A3201C">
<createdBy>ricar</createdBy>
<createdTime>2021-10-25 11:53:56 UTC</createdTime>
<ownerDesignName>GroupProject</ownerDesignName>
<sourcePk>788CB989-F2B3-AF06-62A8-6BCEA0EF3330</sourcePk>
<identifying>false</identifying>
<optionalSource>true</optionalSource>
<optionalTarget>false</optionalTarget>
<sourceCardinality>1</sourceCardinality>
<sourceEntity>4379827C-A4E6-1FC3-09FF-A252AD2D8EEE</sourceEntity>
<targetCardinalityString>*</targetCardinalityString>
<targetEntity>0AA68982-47FE-AE18-CE82-0A56F332378A</targetEntity>
<transferable>true</transferable>
<deleteRule>NO ACTION</deleteRule>
</Relation>