<?xml version = '1.0' encoding = 'UTF-8'?>
<Relation class="oracle.dbtools.crest.model.design.logical.Relation" name="Relation_3" directorySegmentName="seg_0" id="292CCEEB-95E3-BE47-BEB2-DFB5D885AD70">
<createdBy>ricar</createdBy>
<createdTime>2021-10-25 11:54:44 UTC</createdTime>
<ownerDesignName>GroupProject</ownerDesignName>
<identifying>false</identifying>
<optionalSource>false</optionalSource>
<optionalTarget>false</optionalTarget>
<sourceCardinality>*</sourceCardinality>
<sourceEntity>F3A9799E-4930-6B8A-8027-666A41C17F6D</sourceEntity>
<targetCardinalityString>*</targetCardinalityString>
<targetEntity>0AA68982-47FE-AE18-CE82-0A56F332378A</targetEntity>
<transferable>true</transferable>
<deleteRule>NO ACTION</deleteRule>
</Relation>