<?xml version = '1.0' encoding = 'UTF-8'?>
<Relation class="oracle.dbtools.crest.model.design.logical.Relation" name="Relation_1" directorySegmentName="seg_0" id="E46CB327-7692-4C47-6EF9-CDCE5A106AAF">
<createdBy>ricar</createdBy>
<createdTime>2021-10-25 11:53:41 UTC</createdTime>
<ownerDesignName>GroupProject</ownerDesignName>
<sourcePk>6889DE69-942B-8234-CDB4-67172281C06B</sourcePk>
<identifying>false</identifying>
<optionalSource>true</optionalSource>
<optionalTarget>false</optionalTarget>
<sourceCardinality>1</sourceCardinality>
<sourceEntity>7C8A49E0-93B5-FB91-967E-12033F7F727E</sourceEntity>
<targetCardinalityString>*</targetCardinalityString>
<targetEntity>0AA68982-47FE-AE18-CE82-0A56F332378A</targetEntity>
<transferable>true</transferable>
<deleteRule>NO ACTION</deleteRule>
</Relation>