<?xml version = '1.0' encoding = 'UTF-8'?>
<Diagram class="oracle.dbtools.crest.swingui.logical.DPVLogical" name="Logical" id="4CE7A803-8A28-3621-1925-88EAC2A406F8">
<createdBy>ricar</createdBy>
<modifiedBy>ricar</modifiedBy>
<createdTime>2021-10-25 11:49:06 UTC</createdTime>
<autoRoute>false</autoRoute>
<boxInbox>true</boxInbox>
<showLegend>false</showLegend>
<showLabels>false</showLabels>
<showRelAttributes>false</showRelAttributes>
<gridEnabled>false</gridEnabled>
<showGrid>false</showGrid>
<diagramColor>-1</diagramColor>
<display>false</display>
<notation>1</notation>
<objectViews>
<OView class="oracle.dbtools.crest.swingui.logical.TVEntity" oid="0AA68982-47FE-AE18-CE82-0A56F332378A" otype="Entity" vid="BF74A4AA-669E-085A-175A-CCD82F3158DF">
<hideElementsInCurrentOnly>false</hideElementsInCurrentOnly>
<bounds x="351" y="110" width="145" height="173"/>
</OView>
<OView class="oracle.dbtools.crest.swingui.logical.TVEntity" oid="4379827C-A4E6-1FC3-09FF-A252AD2D8EEE" otype="Entity" vid="F28B0151-C858-AC48-375C-0AF046BFC538">
<hideElementsInCurrentOnly>false</hideElementsInCurrentOnly>
<bounds x="110" y="266" width="138" height="123"/>
</OView>
<OView class="oracle.dbtools.crest.swingui.logical.TVEntity" oid="7C8A49E0-93B5-FB91-967E-12033F7F727E" otype="Entity" vid="A3530230-C997-91B5-D5CD-90FF789E8D74">
<hideElementsInCurrentOnly>false</hideElementsInCurrentOnly>
<bounds x="107" y="97" width="139" height="129"/>
</OView>
<OView class="oracle.dbtools.crest.swingui.logical.TVEntity" oid="F3A9799E-4930-6B8A-8027-666A41C17F6D" otype="Entity" vid="4E727465-0DF8-954D-1C37-B84D68EE1DCA">
<hideElementsInCurrentOnly>false</hideElementsInCurrentOnly>
<bounds x="600" y="131" width="89" height="137"/>
</OView>
</objectViews>
<connectors>
<Connector class="oracle.dbtools.crest.swingui.logical.TVRelation" oid="0C637984-CF65-89C4-FE45-F1D834A3201C" otype="Relation" vid_source="F28B0151-C858-AC48-375C-0AF046BFC538" vid_target="BF74A4AA-669E-085A-175A-CCD82F3158DF">
<hideElementsInCurrentOnly>false</hideElementsInCurrentOnly>
<backgroundColor>-16777216</backgroundColor>
<lineWidth>1</lineWidth>
<points>
<point x="248" y="274"/>
<point x="351" y="274"/>
</points>
</Connector>
<Connector class="oracle.dbtools.crest.swingui.logical.TVRelation" oid="292CCEEB-95E3-BE47-BEB2-DFB5D885AD70" otype="Relation" vid_source="4E727465-0DF8-954D-1C37-B84D68EE1DCA" vid_target="BF74A4AA-669E-085A-175A-CCD82F3158DF">
<hideElementsInCurrentOnly>false</hideElementsInCurrentOnly>
<backgroundColor>-16777216</backgroundColor>
<lineWidth>1</lineWidth>
<points>
<point x="600" y="199"/>
<point x="496" y="199"/>
</points>
</Connector>
<Connector class="oracle.dbtools.crest.swingui.logical.TVRelation" oid="E46CB327-7692-4C47-6EF9-CDCE5A106AAF" otype="Relation" vid_source="A3530230-C997-91B5-D5CD-90FF789E8D74" vid_target="BF74A4AA-669E-085A-175A-CCD82F3158DF">
<hideElementsInCurrentOnly>false</hideElementsInCurrentOnly>
<backgroundColor>-16777216</backgroundColor>
<lineWidth>1</lineWidth>
<points>
<point x="246" y="168"/>
<point x="351" y="168"/>
</points>
</Connector>
</connectors>
</Diagram>