<?xml version = '1.0' encoding = 'UTF-8'?>
<Entity class="oracle.dbtools.crest.model.design.logical.Entity" directorySegmentName="seg_0" id="0AA68982-47FE-AE18-CE82-0A56F332378A" name="Games">
<createdBy>ricar</createdBy>
<createdTime>2021-10-25 11:51:06 UTC</createdTime>
<ownerDesignName>GroupProject</ownerDesignName>
<adequatelyNormalized>NO</adequatelyNormalized>
<expectedVolumes>0</expectedVolumes>
<fwdEngineeringStrategyName>Single Table</fwdEngineeringStrategyName>
<growthPercent>0</growthPercent>
<growthType>Year</growthType>
<maxVolumes>9999999</maxVolumes>
<minVolumes>0</minVolumes>
<normalForm>Third</normalForm>
<attributes itemClass="oracle.dbtools.crest.model.design.logical.Attribute">
<Attribute name="game_ID" id="F92CBC19-E091-5D88-D8CE-857F9DACDFCA">
<createdBy>ricar</createdBy>
<createdTime>2021-10-25 11:51:11 UTC</createdTime>
<ownerDesignName>GroupProject</ownerDesignName>
<useDomainConstraints>false</useDomainConstraints>
<use>1</use>
<logicalDatatype>LOGDT019</logicalDatatype>
<dataTypePrecision>8</dataTypePrecision>
<ownDataTypeParameters>,8,</ownDataTypeParameters>
</Attribute>
<Attribute name="nome" id="26AA503A-1617-AC85-EAAB-45558229CC7E">
<createdBy>ricar</createdBy>
<createdTime>2021-10-25 11:51:25 UTC</createdTime>
<ownerDesignName>GroupProject</ownerDesignName>
<useDomainConstraints>false</useDomainConstraints>
<use>1</use>
<logicalDatatype>LOGDT024</logicalDatatype>
<dataTypeSize>100</dataTypeSize>
<ownDataTypeParameters>100,,</ownDataTypeParameters>
</Attribute>
<Attribute name="rls_date" id="2B75FF3E-BBC9-E5E9-D978-02695B742DEC">
<createdBy>ricar</createdBy>
<createdTime>2021-10-25 11:51:40 UTC</createdTime>
<ownerDesignName>GroupProject</ownerDesignName>
<useDomainConstraints>false</useDomainConstraints>
<use>1</use>
<logicalDatatype>LOGDT007</logicalDatatype>
<ownDataTypeParameters>,,</ownDataTypeParameters>
</Attribute>
<Attribute name="pst_review" id="6184E51E-559B-1EA0-31D4-53CFE3AEC598">
<createdBy>ricar</createdBy>
<createdTime>2021-10-25 11:51:57 UTC</createdTime>
<ownerDesignName>GroupProject</ownerDesignName>
<nullsAllowed>true</nullsAllowed>
<useDomainConstraints>false</useDomainConstraints>
<use>1</use>
<logicalDatatype>LOGDT019</logicalDatatype>
<dataTypePrecision>8</dataTypePrecision>
<ownDataTypeParameters>,8,</ownDataTypeParameters>
</Attribute>
<Attribute name="ngt_review" id="58FAEA60-855F-5A71-B853-60436F9E1349">
<createdBy>ricar</createdBy>
<createdTime>2021-10-25 11:52:15 UTC</createdTime>
<ownerDesignName>GroupProject</ownerDesignName>
<nullsAllowed>true</nullsAllowed>
<useDomainConstraints>false</useDomainConstraints>
<use>1</use>
<logicalDatatype>LOGDT019</logicalDatatype>
<dataTypePrecision>8</dataTypePrecision>
<ownDataTypeParameters>,8,</ownDataTypeParameters>
</Attribute>
<Attribute name="pub_ID" id="E39707EE-2D04-FE9B-9CE4-B5AF5FB3A03D">
<createdBy>ricar</createdBy>
<createdTime>2021-10-25 11:53:41 UTC</createdTime>
<generatorID>E46CB327-7692-4C47-6EF9-CDCE5A106AAF</generatorID>
<ownerDesignName>GroupProject</ownerDesignName>
<referedAttribute>2FA317BF-E0C3-8C4E-C18F-6B17083F14C3</referedAttribute>
<useDomainConstraints>false</useDomainConstraints>
<use>1</use>
<logicalDatatype>LOGDT019</logicalDatatype>
<dataTypePrecision>8</dataTypePrecision>
<ownDataTypeParameters>,,</ownDataTypeParameters>
</Attribute>
<Attribute name="Gs_ID" id="7F08D6C2-AAD6-8114-BBE4-25B5552FEB79">
<createdBy>ricar</createdBy>
<createdTime>2021-10-25 11:53:56 UTC</createdTime>
<generatorID>0C637984-CF65-89C4-FE45-F1D834A3201C</generatorID>
<ownerDesignName>GroupProject</ownerDesignName>
<referedAttribute>E837FF7D-ADE6-4B73-E73B-B2D670FFAE46</referedAttribute>
<useDomainConstraints>false</useDomainConstraints>
<use>1</use>
<logicalDatatype>LOGDT019</logicalDatatype>
<dataTypePrecision>8</dataTypePrecision>
<ownDataTypeParameters>,,</ownDataTypeParameters>
</Attribute>
</attributes>
<identifiers itemClass="oracle.dbtools.crest.model.design.logical.CandidateKey">
<identifier id="102EB021-1DDD-4E36-36CC-FCDFA3790E91" name="Games PK">
<createdBy>ricar</createdBy>
<createdTime>2021-10-25 11:51:24 UTC</createdTime>
<ownerDesignName>GroupProject</ownerDesignName>
<pk>true</pk>
<usedAttributes>
<attributeRef>F92CBC19-E091-5D88-D8CE-857F9DACDFCA</attributeRef>
</usedAttributes>
</identifier>
</identifiers>
</Entity>