<?xml version = '1.0' encoding = 'UTF-8'?>
<Entity class="oracle.dbtools.crest.model.design.logical.Entity" directorySegmentName="seg_0" id="4379827C-A4E6-1FC3-09FF-A252AD2D8EEE" name="game_studio">
<createdBy>ricar</createdBy>
<createdTime>2021-10-25 11:52:32 UTC</createdTime>
<ownerDesignName>GroupProject</ownerDesignName>
<adequatelyNormalized>NO</adequatelyNormalized>
<expectedVolumes>0</expectedVolumes>
<fwdEngineeringStrategyName>Single Table</fwdEngineeringStrategyName>
<growthPercent>0</growthPercent>
<growthType>Year</growthType>
<maxVolumes>9999999</maxVolumes>
<minVolumes>0</minVolumes>
<normalForm>Third</normalForm>
<attributes itemClass="oracle.dbtools.crest.model.design.logical.Attribute">
<Attribute name="Gs_ID" id="E837FF7D-ADE6-4B73-E73B-B2D670FFAE46">
<createdBy>ricar</createdBy>
<createdTime>2021-10-25 11:52:40 UTC</createdTime>
<ownerDesignName>GroupProject</ownerDesignName>
<useDomainConstraints>false</useDomainConstraints>
<use>1</use>
<logicalDatatype>LOGDT019</logicalDatatype>
<dataTypePrecision>8</dataTypePrecision>
<ownDataTypeParameters>,8,</ownDataTypeParameters>
</Attribute>
<Attribute name="nome" id="54394D07-2D0B-F26B-DE48-50549525ED07">
<createdBy>ricar</createdBy>
<createdTime>2021-10-25 11:52:54 UTC</createdTime>
<ownerDesignName>GroupProject</ownerDesignName>
<useDomainConstraints>false</useDomainConstraints>
<use>1</use>
<logicalDatatype>LOGDT024</logicalDatatype>
<dataTypeSize>100</dataTypeSize>
<ownDataTypeParameters>100,,</ownDataTypeParameters>
</Attribute>
<Attribute name="local" id="7137A78A-06BC-4196-6316-D56B3A7FF011">
<createdBy>ricar</createdBy>
<createdTime>2021-10-25 11:53:05 UTC</createdTime>
<ownerDesignName>GroupProject</ownerDesignName>
<nullsAllowed>true</nullsAllowed>
<useDomainConstraints>false</useDomainConstraints>
<use>1</use>
<logicalDatatype>LOGDT024</logicalDatatype>
<dataTypeSize>150</dataTypeSize>
<ownDataTypeParameters>150,,</ownDataTypeParameters>
</Attribute>
<Attribute name="telefone" id="845F5C6D-71F7-363B-F361-A07EB5D15CB2">
<createdBy>ricar</createdBy>
<createdTime>2021-10-25 11:53:27 UTC</createdTime>
<ownerDesignName>GroupProject</ownerDesignName>
<nullsAllowed>true</nullsAllowed>
<useDomainConstraints>false</useDomainConstraints>
<use>1</use>
<logicalDatatype>LOGDT019</logicalDatatype>
<dataTypePrecision>12</dataTypePrecision>
<ownDataTypeParameters>,12,</ownDataTypeParameters>
</Attribute>
</attributes>
<identifiers itemClass="oracle.dbtools.crest.model.design.logical.CandidateKey">
<identifier id="788CB989-F2B3-AF06-62A8-6BCEA0EF3330" name="game_studio PK">
<createdBy>ricar</createdBy>
<createdTime>2021-10-25 11:52:53 UTC</createdTime>
<ownerDesignName>GroupProject</ownerDesignName>
<pk>true</pk>
<usedAttributes>
<attributeRef>E837FF7D-ADE6-4B73-E73B-B2D670FFAE46</attributeRef>
</usedAttributes>
</identifier>
</identifiers>
</Entity>