<?xml version = '1.0' encoding = 'UTF-8'?>
<Entity class="oracle.dbtools.crest.model.design.logical.Entity" directorySegmentName="seg_0" id="7C8A49E0-93B5-FB91-967E-12033F7F727E" name="Publisher">
<createdBy>ricar</createdBy>
<createdTime>2021-10-25 11:50:03 UTC</createdTime>
<ownerDesignName>GroupProject</ownerDesignName>
<adequatelyNormalized>NO</adequatelyNormalized>
<expectedVolumes>0</expectedVolumes>
<fwdEngineeringStrategyName>Single Table</fwdEngineeringStrategyName>
<growthPercent>0</growthPercent>
<growthType>Year</growthType>
<maxVolumes>9999999</maxVolumes>
<minVolumes>0</minVolumes>
<normalForm>Third</normalForm>
<attributes itemClass="oracle.dbtools.crest.model.design.logical.Attribute">
<Attribute name="pub_ID" id="2FA317BF-E0C3-8C4E-C18F-6B17083F14C3">
<createdBy>ricar</createdBy>
<createdTime>2021-10-25 11:50:12 UTC</createdTime>
<ownerDesignName>GroupProject</ownerDesignName>
<useDomainConstraints>false</useDomainConstraints>
<use>1</use>
<logicalDatatype>LOGDT019</logicalDatatype>
<dataTypePrecision>8</dataTypePrecision>
<ownDataTypeParameters>,8,</ownDataTypeParameters>
</Attribute>
<Attribute name="nome" id="144A6340-09C1-A70C-A387-A896914040AB">
<createdBy>ricar</createdBy>
<createdTime>2021-10-25 11:50:25 UTC</createdTime>
<ownerDesignName>GroupProject</ownerDesignName>
<useDomainConstraints>false</useDomainConstraints>
<use>1</use>
<logicalDatatype>LOGDT024</logicalDatatype>
<dataTypeSize>100</dataTypeSize>
<ownDataTypeParameters>100,,</ownDataTypeParameters>
</Attribute>
<Attribute name="local" id="E45A3484-8CC5-D71E-7C54-425641371D09">
<createdBy>ricar</createdBy>
<createdTime>2021-10-25 11:50:35 UTC</createdTime>
<ownerDesignName>GroupProject</ownerDesignName>
<nullsAllowed>true</nullsAllowed>
<useDomainConstraints>false</useDomainConstraints>
<use>1</use>
<logicalDatatype>LOGDT024</logicalDatatype>
<dataTypeSize>150</dataTypeSize>
<ownDataTypeParameters>150,,</ownDataTypeParameters>
</Attribute>
<Attribute name="telefone" id="26BBF248-BEC5-FCAB-ED07-1843B3E667BF">
<createdBy>ricar</createdBy>
<createdTime>2021-10-25 11:50:46 UTC</createdTime>
<ownerDesignName>GroupProject</ownerDesignName>
<nullsAllowed>true</nullsAllowed>
<useDomainConstraints>false</useDomainConstraints>
<use>1</use>
<logicalDatatype>LOGDT019</logicalDatatype>
<dataTypePrecision>12</dataTypePrecision>
<ownDataTypeParameters>,12,</ownDataTypeParameters>
</Attribute>
</attributes>
<identifiers itemClass="oracle.dbtools.crest.model.design.logical.CandidateKey">
<identifier id="6889DE69-942B-8234-CDB4-67172281C06B" name="Publisher PK">
<createdBy>ricar</createdBy>
<createdTime>2021-10-25 11:50:24 UTC</createdTime>
<ownerDesignName>GroupProject</ownerDesignName>
<pk>true</pk>
<usedAttributes>
<attributeRef>2FA317BF-E0C3-8C4E-C18F-6B17083F14C3</attributeRef>
</usedAttributes>
</identifier>
</identifiers>
</Entity>