<?xml version = '1.0' encoding = 'UTF-8'?>
<Entity class="oracle.dbtools.crest.model.design.logical.Entity" directorySegmentName="seg_0" id="F3A9799E-4930-6B8A-8027-666A41C17F6D" name="Genre/themes">
<createdBy>ricar</createdBy>
<createdTime>2021-10-25 11:54:10 UTC</createdTime>
<ownerDesignName>GroupProject</ownerDesignName>
<adequatelyNormalized>NO</adequatelyNormalized>
<expectedVolumes>0</expectedVolumes>
<fwdEngineeringStrategyName>Single Table</fwdEngineeringStrategyName>
<growthPercent>0</growthPercent>
<growthType>Year</growthType>
<maxVolumes>9999999</maxVolumes>
<minVolumes>0</minVolumes>
<normalForm>Third</normalForm>
<attributes itemClass="oracle.dbtools.crest.model.design.logical.Attribute">
<Attribute name="genre_ID" id="9D0676B1-4CD9-CA9D-62D4-19C865C0272A">
<createdBy>ricar</createdBy>
<createdTime>2021-10-25 11:54:18 UTC</createdTime>
<ownerDesignName>GroupProject</ownerDesignName>
<useDomainConstraints>false</useDomainConstraints>
<use>1</use>
<logicalDatatype>LOGDT019</logicalDatatype>
<dataTypePrecision>8</dataTypePrecision>
<ownDataTypeParameters>,8,</ownDataTypeParameters>
</Attribute>
<Attribute name="genre" id="4438E6E7-3656-6A22-CF85-8154F41CEF92">
<createdBy>ricar</createdBy>
<createdTime>2021-10-25 11:54:28 UTC</createdTime>
<ownerDesignName>GroupProject</ownerDesignName>
<useDomainConstraints>false</useDomainConstraints>
<use>1</use>
<logicalDatatype>LOGDT024</logicalDatatype>
<dataTypeSize>70</dataTypeSize>
<ownDataTypeParameters>70,,</ownDataTypeParameters>
</Attribute>
</attributes>
<identifiers itemClass="oracle.dbtools.crest.model.design.logical.CandidateKey">
<identifier id="421886BE-A72E-D271-6E6C-8389CFDE620D" name="Genre/themes PK">
<createdBy>ricar</createdBy>
<createdTime>2021-10-25 11:54:27 UTC</createdTime>
<ownerDesignName>GroupProject</ownerDesignName>
<pk>true</pk>
<usedAttributes>
<attributeRef>9D0676B1-4CD9-CA9D-62D4-19C865C0272A</attributeRef>
</usedAttributes>
</identifier>
</identifiers>
</Entity>